Expedient;Vista original;Lots oficials;Imports i adjudicatari coincideixen;Font
CTTI-2026-200;open;;True;https://contractaciopublica.cat/ca/detall-publicacio/2f913645-1fb7-4cea-9a79-f208dd6018f2/300856273
CO/AP55/1101478928/26/CE;open;;True;https://contractaciopublica.cat/ca/detall-publicacio/cfcad5c2-e70d-42f1-bee3-3f46ed351461/300859270
CPF-2026-36;open;;True;https://contractaciopublica.cat/ca/detall-publicacio/3413d461-0ce9-47a3-bab2-fad0d64853f4/300850216
SCT-2026-105;open;;True;https://contractaciopublica.cat/ca/detall-publicacio/93e554a6-3c39-40dd-91ff-80631971edf8/300825789
C-14/2026;open;;True;https://contractaciopublica.cat/ca/detall-publicacio/068fab85-a8dd-42bf-9ad3-4ce106377848/300872253
CP-2026-07;open;;True;https://contractaciopublica.cat/ca/detall-publicacio/d7ab130c-7177-4775-abbe-c1384ddacc9b/300850380
ICGC-2027-1;open;;True;https://contractaciopublica.cat/ca/detall-publicacio/bb239975-4174-4e0d-a7f9-4c7207302367/300841307
CSE/AH02/1101476696/27/PO;open;;True;https://contractaciopublica.cat/ca/detall-publicacio/fcc26c67-a97f-4038-85fd-3e6adfaa57da/300835847
LSL-2026-211;open;1,2;True;https://contractaciopublica.cat/ca/detall-publicacio/8b8b21e5-a1c7-401e-9cd3-595ada07f076/300853470
CST-2026-10;open;1,2,3,4,5,6,7;True;https://contractaciopublica.cat/ca/detall-publicacio/b4ac280f-91f0-4238-9796-205311c7ec2b/300841148
BC-2026-139;open;;True;https://contractaciopublica.cat/ca/detall-publicacio/c2f07b76-85a1-4229-95a3-df4f401bec28/300831230
CONTR/2026/0000000535;open;;True;https://contractaciopublica.cat/ca/detall-publicacio/2cf01520-0892-4fb2-9840-41bdeccfbeeb/300873653
FTS-2026-70;open;;True;https://contractaciopublica.cat/ca/detall-publicacio/47cb3062-4957-4120-b5f5-be32dbcccc46/300864756
2607MS12;open;;True;https://contractaciopublica.cat/ca/detall-publicacio/eb7deef8-6826-443d-91c0-393688b7b97b/300850317
2607MS11;open;;True;https://contractaciopublica.cat/ca/detall-publicacio/4628fce4-8740-4afd-8609-ad314ad57f0e/300845828
2609MS01;open;;True;https://contractaciopublica.cat/ca/detall-publicacio/b4b28f62-1642-4865-8744-7eca93dcb012/300871416
F26.035CH;open;1,2;True;https://contractaciopublica.cat/ca/detall-publicacio/0a755cdb-779f-4abd-bfac-0d520a3744c3/300836907
AHC-2026-96;open;;True;https://contractaciopublica.cat/ca/detall-publicacio/c8c78be2-605c-4db0-a29d-ef9a41d18817/300849492
LRC 20/2026-PA;open;;True;https://contractaciopublica.cat/ca/detall-publicacio/db2c0796-0713-4ed2-8402-4bebc3ec61f3/300850434
SA-2026-117;open;;True;https://contractaciopublica.cat/ca/detall-publicacio/d0f9b03c-ff72-447c-a072-df8be771aa44/300845821
SMC-2026-121;open;;True;https://contractaciopublica.cat/ca/detall-publicacio/04e4d250-94cc-42c6-a17d-975f07fff81d/300857571
LICI 2026-033 SECUENCIACIÓN RNA (PI25/00343);open;;True;https://contractaciopublica.cat/ca/detall-publicacio/9da8437d-508e-4583-b4c8-fdef298cc04a/300852465
CONTR/2026/0000000386;open;;True;https://contractaciopublica.cat/ca/detall-publicacio/3f29e818-2444-4c90-953e-3898e1fe18ce/300849029
2026-16 ICN2;open;;True;https://contractaciopublica.cat/ca/detall-publicacio/bf2e0c39-4ae9-456f-bc30-6b31da076ef6/300857493
2607MS09;open;;True;https://contractaciopublica.cat/ca/detall-publicacio/1824c6c5-0e5b-48d1-aaf9-6c121cad90e1/300842325
ERPC-2026-63;open;;True;https://contractaciopublica.cat/ca/detall-publicacio/dd31aa4a-d951-4733-8706-9dcbc5716a16/300847738
JU-2027-3;open;;True;https://contractaciopublica.cat/ca/detall-publicacio/1ed3b7b1-9520-444a-8b25-97fd6df8d4a0/300854611
CSE/AH02/1101479464/27/PO;open;;True;https://contractaciopublica.cat/ca/detall-publicacio/f6ac94ee-ece0-41c1-aef9-2e6e9d5a6638/300853207
2607OS03;open;;True;https://contractaciopublica.cat/ca/detall-publicacio/821354f9-c1d2-4e3d-bc18-0f486cbd274c/300873019
CP-2026-18;open;;True;https://contractaciopublica.cat/ca/detall-publicacio/b91e071f-4f52-43b9-86d1-ae8cee9ebe55/300843908
C-27/2026;open;;True;https://contractaciopublica.cat/ca/detall-publicacio/d868b27e-9ef5-49ac-a2e1-9ea97db0050e/300832157
2607OS05;open;;True;https://contractaciopublica.cat/ca/detall-publicacio/839f5ab2-bfcd-49cf-9381-21a902db93a9/300872212
2026-16;open;1,2;True;https://contractaciopublica.cat/ca/detall-publicacio/95839192-99b5-4b83-99aa-5defd62613e3/300868988
ICSCC00-2026-419;open;;True;https://contractaciopublica.cat/ca/detall-publicacio/b2c2fdf2-b591-4adf-9950-c3533a442aa2/300861000
CS/AH01/1101479153/26/PSS;open;;True;https://contractaciopublica.cat/ca/detall-publicacio/a4e0bad3-c97b-4800-9742-e52317496a03/300861331
CTFC-2026-158;open;1,2;True;https://contractaciopublica.cat/ca/detall-publicacio/6e681870-a246-4595-9ef2-1193e91514ab/300867314
EMO-2027-8;open;;True;https://contractaciopublica.cat/ca/detall-publicacio/c05aaf34-595d-4d7d-af22-702e23bc38a7/300871679
IFAE-2026/07;open;;True;https://contractaciopublica.cat/ca/detall-publicacio/25b8886e-b045-4f62-a6a0-487959d60e44/300873096
CONTR/2026/0000000395;open;;True;https://contractaciopublica.cat/ca/detall-publicacio/01eae37b-9269-4273-8950-72a963cf4dc5/300854480
2026-0215-OASE;open;;True;https://contractaciopublica.cat/ca/detall-publicacio/5afff113-f1bd-4660-900e-174de29f7023/300841335
CP-2026-24;open;;True;https://contractaciopublica.cat/ca/detall-publicacio/40766ac6-8b3a-43ed-8876-94e78e2d728d/300871990
F26.058CN;open;;True;https://contractaciopublica.cat/ca/detall-publicacio/41b57f84-ce6e-4e34-b64f-7c397ef1780b/300856039
LICI 2026-035 ANÀLISIS METABOLÒMICA (202311-10);open;;True;https://contractaciopublica.cat/ca/detall-publicacio/780f2855-58c7-43cb-8fab-df5a8777cdbd/300866261
237/2026;open;;True;https://contractaciopublica.cat/ca/detall-publicacio/971aa197-a891-497e-991f-341b98bfdfbc/300873097
AOC-2026-70;open;;True;https://contractaciopublica.cat/ca/detall-publicacio/805680a0-713a-417b-8b52-3b6f35effdd9/300874625
CONTR/2026/0000000495;open;;True;https://contractaciopublica.cat/ca/detall-publicacio/4d053a63-8b11-4724-998e-c4882941f4d3/300873965
CO.04.2025;open;;True;https://contractaciopublica.cat/ca/detall-publicacio/df345a38-27da-4e29-b988-94b237a04de5/300860479
2026-0237-OASE;open;1,2;True;https://contractaciopublica.cat/ca/detall-publicacio/bbb86020-9142-43ae-b4a2-c8c098fe507b/300872788
2026-0279-OSB;open;1,10,11,2,3,4,5,6,7,8,9;True;https://contractaciopublica.cat/ca/detall-publicacio/f8fd90c2-2115-460f-9cb3-c48b1608ec89/300872407
CONTR/2026/0000000460;open;;True;https://contractaciopublica.cat/ca/detall-publicacio/9f192084-2e0c-4bee-8a45-08e3a9ace7da/300861799
2026-0238-OASB;open;;True;https://contractaciopublica.cat/ca/detall-publicacio/a928fe80-f7ef-4773-be8b-733e715c7c45/300873198
2607OB08;open;;True;https://contractaciopublica.cat/ca/detall-publicacio/c5245a87-e1c0-4405-bb70-ad5abef3821f/300871971
PR-2027-21;open;1,2;True;https://contractaciopublica.cat/ca/detall-publicacio/f37f7059-f6ca-44e5-a6a8-ac1c08159b06/300856691
CONTR/2026/0000000553;open;;True;https://contractaciopublica.cat/ca/detall-publicacio/7c3539ac-3cce-4aa1-8fa5-936fb2cd1b83/300868715
CTTI-2027-1;open;;True;https://contractaciopublica.cat/ca/detall-publicacio/f8063a5a-dee6-4cc3-a41f-5e78ad02df46/300871443
2608OB01;open;;True;https://contractaciopublica.cat/ca/detall-publicacio/8e40298b-4c08-4d52-8198-915cdec184fb/300871262
CONTR/2026/0000000539;open;;True;https://contractaciopublica.cat/ca/detall-publicacio/efc1d5ed-cfdf-491b-86ed-8097175803c2/300874587
Exp. 23/2026;open;;True;https://contractaciopublica.cat/ca/detall-publicacio/93e79565-c25f-427d-81bf-a8159e7895ea/300871231
V0952-OPER-S-26-010;open;;True;https://contractaciopublica.cat/ca/detall-publicacio/22ce1dcb-8091-4968-9ef7-cb05906850ea/300872452
SDA-2601;open;;True;https://contractaciopublica.cat/ca/detall-publicacio/f46e21f9-f7ac-4be7-beb3-c12f822d2156/300801486
EC24/000010;open;;True;https://contractaciopublica.cat/ca/detall-publicacio/cac59e5b-0cea-440a-b052-5fb627d80f05/300411051
0004/2022;open;1,2,3,4,5,6,7;True;https://contractaciopublica.cat/ca/detall-publicacio/95e201f8-a1c0-aeab-af60-8ad73e40f6e2/300596219
EC25/000063;open;1,2;True;https://contractaciopublica.cat/ca/detall-publicacio/b1d56d61-49b0-4a30-ba45-8f484f55bbae/300530157
EC25/000079;open;1,2;True;https://contractaciopublica.cat/ca/detall-publicacio/2001eb60-8263-4136-91e2-287aa40ca387/300574364
EC25/000080;open;;True;https://contractaciopublica.cat/ca/detall-publicacio/1f361505-a1e5-4e21-8228-98280ac5b1d4/300561277
Exp. 06-2025;open;1,10,2,3,4,5,6,7,8,9;True;https://contractaciopublica.cat/ca/detall-publicacio/162d2e0e-9793-4c55-8ca0-0b6246ee8ed6/300419333
Subm_2025_1;open;1,2,3;True;https://contractaciopublica.cat/ca/detall-publicacio/2eea0ab0-6275-47e5-ad94-aef6245160b9/300551427
CTTI-2025-96;open;1,10,11,12,13,14,15,2,3,4,5,6,7,8,9;True;https://contractaciopublica.cat/ca/detall-publicacio/43ced24f-d1ae-4950-88cb-51ac72424929/300448472
AOC-2025-59;open;1,2,3,4,5,6;True;https://contractaciopublica.cat/ca/detall-publicacio/9e78ef3b-563f-4227-ae96-ecb07a65fadb/300608950
CONT-2026-002;open;1,2,3;True;https://contractaciopublica.cat/ca/detall-publicacio/8547cfdd-3873-42ec-af53-177dd65be1b6/300736164
CTTI-2026-105;adjudicated;;True;https://contractaciopublica.cat/ca/detall-publicacio/735ddda1-e7c6-4ac5-bf99-2d8a3440bd9a/300860636
CTTI-2026-155;adjudicated;;True;https://contractaciopublica.cat/ca/detall-publicacio/41ced08b-93a1-4cd9-b0c8-ab133eef3825/300863654
CTTI-2026-161;adjudicated;;True;https://contractaciopublica.cat/ca/detall-publicacio/8f5bc2ef-daa0-4b81-9348-27e775b83ee0/300860922
CTTI-2026-36;adjudicated;;True;https://contractaciopublica.cat/ca/detall-publicacio/b5c99746-5cca-472a-8fe0-85faa14ce5ba/300857438
CTTI-2026-51;adjudicated;;True;https://contractaciopublica.cat/ca/detall-publicacio/3c20d07e-713b-4719-b2a5-59969fdd6211/300838608
CTTI-2026-77;adjudicated;;True;https://contractaciopublica.cat/ca/detall-publicacio/89ae1d7e-3794-452b-ae78-50b676ef3ea3/300800786
CTTI-2026-100;adjudicated;;True;https://contractaciopublica.cat/ca/detall-publicacio/22d4694b-296d-4908-837c-1caca77b6df0/300789551
CTTI-2026-89;adjudicated;;True;https://contractaciopublica.cat/ca/detall-publicacio/181cb0f0-acd4-422c-b4ae-d3c38e05a852/300783343
CTTI-2026-50;adjudicated;;True;https://contractaciopublica.cat/ca/detall-publicacio/fd03191d-2af7-42b5-bc44-057642224612/300762799
CTTI-2026-46;adjudicated;;True;https://contractaciopublica.cat/ca/detall-publicacio/3162c119-91ef-4b9a-9e24-926082207438/300744586
CTTI-2026-24;adjudicated;;True;https://contractaciopublica.cat/ca/detall-publicacio/b18118ab-a5b7-4063-9851-4cf9db08eb11/300733466
CTTI-2026-38;adjudicated;;True;https://contractaciopublica.cat/ca/detall-publicacio/c1160b95-edc0-4082-9855-5a8d755d8774/300726762
CTTI-2026-27;adjudicated;;True;https://contractaciopublica.cat/ca/detall-publicacio/8e8ffe52-217f-4e21-a922-d47d5551c89b/300702008
CTTI-2026-39;adjudicated;;True;https://contractaciopublica.cat/ca/detall-publicacio/5c842107-d03c-49a3-93ae-0694fd9cee89/300703010
CTTI-2025-184;adjudicated;;True;https://contractaciopublica.cat/ca/detall-publicacio/ddc48853-fba4-4136-984b-49b3a1cdb76d/300702860
CTTI-2025-42;adjudicated;;True;https://contractaciopublica.cat/ca/detall-publicacio/b610721e-97e7-4235-8bd0-b639a6fe710c/300702795
CTTI-2024-65;adjudicated;;True;https://contractaciopublica.cat/ca/detall-publicacio/6dfa394f-7a27-40c0-a5ab-be7263c05311/300048607
CTTI-2026-34;adjudicated;;True;https://contractaciopublica.cat/ca/detall-publicacio/b2e42b69-53cc-4be2-89b0-66eb1b450dec/300694357
CTTI-2026-17;adjudicated;;True;https://contractaciopublica.cat/ca/detall-publicacio/d7c5ce9b-4475-434b-b24e-d2949abcc13f/300673872
CTTI-2025-260;adjudicated;;True;https://contractaciopublica.cat/ca/detall-publicacio/965d59b1-13be-41f2-88b8-42fbacb61139/300670450
CTTI-2026-12;adjudicated;;True;https://contractaciopublica.cat/ca/detall-publicacio/3db90ec8-8b15-48c6-bb19-8e6285790c3d/300658742
CTTI-2026-18;adjudicated;;True;https://contractaciopublica.cat/ca/detall-publicacio/85100c3f-2752-45be-b651-cfd2422fa40e/300656803
CTTI-2025-204;adjudicated;;True;https://contractaciopublica.cat/ca/detall-publicacio/33b370a9-e9b1-479e-9914-9941c08954c4/300543700
CTTI-2025-196;adjudicated;;True;https://contractaciopublica.cat/ca/detall-publicacio/038b9c18-d596-4f7d-a918-5aae66b7d56d/300533530
CTTI-2022-252;adjudicated;;True;https://contractaciopublica.cat/ca/detall-publicacio/c4ceafe8-2177-bbb9-cfb5-71ea329c1595/300528443
CTTI-2022-104;adjudicated;;True;https://contractaciopublica.cat/ca/detall-publicacio/0b8fb620-3e1d-f9f8-cb07-6d53dda577d2/300528422
CTTI-2022-105;adjudicated;;True;https://contractaciopublica.cat/ca/detall-publicacio/5098ec39-a1c1-f5e2-18a9-5b5d98cf0e64/300528401
CTTI-2022-116;adjudicated;;True;https://contractaciopublica.cat/ca/detall-publicacio/b50328ab-05a9-e336-28ae-a709ecc8eb91/300528377
CTTI-2022-103;adjudicated;;True;https://contractaciopublica.cat/ca/detall-publicacio/1b2d7356-d753-113d-f976-95f94d33f58b/300528289
CTTI-2022-169;adjudicated;;True;https://contractaciopublica.cat/ca/detall-publicacio/dd54501a-ab7b-06c8-fb93-5aca646040d8/300528241
3263/2026;openLocal;;True;https://contractaciopublica.cat/ca/detall-publicacio/14c3cb4f-7551-4b6b-aa10-0fb25f4d9d11/300830737
001_26000895;openLocal;;True;https://contractaciopublica.cat/ca/detall-publicacio/de8aac4f-b325-4431-8a91-7f59af2d0873/300843473
1531/2024;openLocal;;True;https://contractaciopublica.cat/ca/detall-publicacio/0e6d54c5-d684-436e-9da5-00f097636d79/300872987
2026/4616/3106;openLocal;;True;https://contractaciopublica.cat/ca/detall-publicacio/9df2551f-1ed2-4440-9a38-d0336feca32a/300833253
2026024979;openLocal;;True;https://contractaciopublica.cat/ca/detall-publicacio/c3b0dbd8-c3a9-459a-8528-76e24a0911a0/300871368
2026/31403T;openLocal;;True;https://contractaciopublica.cat/ca/detall-publicacio/1aa26823-a226-4b89-a245-83f14bf17450/300838942
2026/090(83/2026/CONT);openLocal;1,2,3;True;https://contractaciopublica.cat/ca/detall-publicacio/dd8bc9d4-d7aa-4575-a2b1-d642483af28f/300867847
AOE/AGI/Contractació/2026/57 — 26/2026/CSERV;openLocal;;True;https://contractaciopublica.cat/ca/detall-publicacio/16ad8b0d-bcfa-4ee4-bb08-46bf297f7eaa/300864957
X2026002981;openLocal;;True;https://contractaciopublica.cat/ca/detall-publicacio/684cbfcf-52d1-4257-b344-7a0bcae059e4/300874263
817/2026;openLocal;;True;https://contractaciopublica.cat/ca/detall-publicacio/caed3e2c-9eaa-4c23-97ef-aa3cf271c1ca/300868783
001_26002235;openLocal;;True;https://contractaciopublica.cat/ca/detall-publicacio/dca40608-9b6d-4a4c-9fbe-2931026cefd2/300868866
TIC/2026/24;openLocal;;True;https://contractaciopublica.cat/ca/detall-publicacio/16120590-0008-467d-815a-76cdcd62f7af/300859978
TIC/2025/72;openLocal;;True;https://contractaciopublica.cat/ca/detall-publicacio/3ede5181-a7a0-4c1b-af1c-a67bf581566b/300860027
8004330008-2026-0006700;openLocal;;True;https://contractaciopublica.cat/ca/detall-publicacio/42409ba5-f5c1-4eb2-80ab-192012400098/300866218
Compres Exp490/2026 G626;openLocal;;True;https://contractaciopublica.cat/ca/detall-publicacio/57abd9f5-4b23-4cc1-a16a-b48d4cf561ac/300857933
DC SUBM 20_26 (2026/00005348W);openLocal;;True;https://contractaciopublica.cat/ca/detall-publicacio/05f58e6a-f52c-4e2d-a5b0-f8cf2f263a43/300856898
CTON2026000030;openLocal;;True;https://contractaciopublica.cat/ca/detall-publicacio/02230332-1a4d-4043-a2e1-17fce2852318/300850315
2026/00001965T;openLocal;1,2;True;https://contractaciopublica.cat/ca/detall-publicacio/7237d3b2-f5ea-4d02-b8b8-2cfb098bd103/300863317
2026/0018988;openLocal;;True;https://contractaciopublica.cat/ca/detall-publicacio/161a2811-2760-416f-a871-a4850cc472f9/300842889
8004330008-2026-0009721;openLocal;;True;https://contractaciopublica.cat/ca/detall-publicacio/43a9933d-1f3e-4c0c-97bb-cad1cb4e617b/300871456
2024/0009036;openLocal;;True;https://contractaciopublica.cat/ca/detall-publicacio/3e4386c7-ffee-4f43-9d4c-1fb6c346ecf6/300280939
2026/3023-G626_1;openLocal;;True;https://contractaciopublica.cat/ca/detall-publicacio/f16fb52c-056d-44b3-ac58-fcff5b7269da/300870735
2026/980;openLocal;;True;https://contractaciopublica.cat/ca/detall-publicacio/7a054497-0437-43ad-b6ac-c97cefa7896c/300873659
2026/10128;openLocal;;True;https://contractaciopublica.cat/ca/detall-publicacio/57528ddb-ab94-49fd-8152-1bcb69c76947/300874026
001_26002403;openLocal;;True;https://contractaciopublica.cat/ca/detall-publicacio/f9b47b31-830d-427f-904f-2cc8a71800da/300862903
TIC/2026/32;openLocal;;True;https://contractaciopublica.cat/ca/detall-publicacio/bad66a57-c3ed-4b8d-af7e-951ef3ca3487/300871362
13449/2026;openLocal;;True;https://contractaciopublica.cat/ca/detall-publicacio/7fdaf0f7-e253-4f97-b59a-ef3991ad2968/300874890
001_26003814;openLocal;;True;https://contractaciopublica.cat/ca/detall-publicacio/d049e3e2-07a9-4397-8dd3-9bd43ce7252a/300874754
2026-SE-OH-23;openLocal;;True;https://contractaciopublica.cat/ca/detall-publicacio/2ed80e6e-c984-4d8d-8b12-078d35af7fb7/300863999
B3202026000093;openLocal;;True;https://contractaciopublica.cat/ca/detall-publicacio/ac4c3dbf-03d1-470e-a21a-de4b9014551e/300866260
2026/8618;openLocal;;True;https://contractaciopublica.cat/ca/detall-publicacio/efbba8d5-115c-4ce5-9e6b-1a200716e7c7/300874745
2026/6382/1437;openLocal;;True;https://contractaciopublica.cat/ca/detall-publicacio/723608e6-ad14-449a-b866-03941e4b49ee/300845955
2026/16275;openLocal;1,2,3,4;True;https://contractaciopublica.cat/ca/detall-publicacio/079211fb-19a0-46de-ba4f-fe4209e9ac13/300865609
2025/0034354;openLocal;;True;https://contractaciopublica.cat/ca/detall-publicacio/5cc84135-1fd6-4790-a513-508d0f6589e1/300873428
2026/0013012;openLocal;;True;https://contractaciopublica.cat/ca/detall-publicacio/32194f1a-d44f-48ba-9c83-8ff1c4d623c5/300849044
2026/0002512;openLocal;;True;https://contractaciopublica.cat/ca/detall-publicacio/8fa3df4c-0d04-4750-9d5f-15377978990c/300845925
6/2026/CSOH;openLocal;;True;https://contractaciopublica.cat/ca/detall-publicacio/59945a9d-50f3-481f-a8c0-fcdb786e38b9/300866589
1403-000063-005079/2026;openLocal;;True;https://contractaciopublica.cat/ca/detall-publicacio/59fa0769-b657-4ca8-b1f9-b24111243973/300849320
2026/124-4955_;openLocal;;True;https://contractaciopublica.cat/ca/detall-publicacio/65e6f43b-e743-48a4-a153-e1da0a6ec7c4/300872413
001_26003376;openLocal;1,2;True;https://contractaciopublica.cat/ca/detall-publicacio/dfff1254-d97d-4a73-abe7-9376c7c21724/300873384
2025/0041420;openLocal;;True;https://contractaciopublica.cat/ca/detall-publicacio/d9b8705f-b372-4717-b1ed-6a36b9e46d77/300855049
2026/0010049;openLocal;;True;https://contractaciopublica.cat/ca/detall-publicacio/77399721-d853-4ad3-a192-11834819b6ec/300855138
2026/0011669;openLocal;;True;https://contractaciopublica.cat/ca/detall-publicacio/fdf657a8-3bde-46d8-afbd-547e036b8afb/300855977
2026/0009230;openLocal;;True;https://contractaciopublica.cat/ca/detall-publicacio/25719715-4e4a-4d27-97a6-dc3496cce87b/300856840
116/2023 - 19598/2023;openLocal;1,2,3;True;https://contractaciopublica.cat/ca/detall-publicacio/4a06eb97-a64a-4634-b374-6ccbc59b6c1e/300592079
114/2023 - 28409/2023;openLocal;1,2,3,4;True;https://contractaciopublica.cat/ca/detall-publicacio/e3163669-1fb2-4dea-ad21-dea35596379d/300109466
2024/0027829;openLocal;1,2;True;https://contractaciopublica.cat/ca/detall-publicacio/8db0929f-11f4-4036-bba6-c8fe0678d89e/300586071
3679/2025;openLocal;;True;https://contractaciopublica.cat/ca/detall-publicacio/90a02050-4257-455d-812a-7f24817d0a80/300790393
2025/65-3302;openLocal;;True;https://contractaciopublica.cat/ca/detall-publicacio/2d7be9b9-f9da-4621-b874-b50ee8f16108/300872262
4025/2026;adjLocal;;True;https://contractaciopublica.cat/ca/detall-publicacio/16f4496e-f6b5-49d9-97e2-241dabdd6e16/300875297
4984/2026;adjLocal;;True;https://contractaciopublica.cat/ca/detall-publicacio/9451214a-8569-4e50-af0c-882bb4ac4bd5/300875006
2026/0012439;adjLocal;;True;https://contractaciopublica.cat/ca/detall-publicacio/b3858737-5576-4b41-ada2-dd511540526c/300873782
PACC2026000025;adjLocal;;True;https://contractaciopublica.cat/ca/detall-publicacio/3a3b51a7-b8b6-42cd-bf76-52da325e0934/300874515
2026039562;adjLocal;;True;https://contractaciopublica.cat/ca/detall-publicacio/904ddbcf-d625-4938-a7ae-209b06ed4043/300874166
PACC2026000044;adjLocal;;True;https://contractaciopublica.cat/ca/detall-publicacio/ef2a1e13-7bb0-4f11-b07b-51215ab913c7/300873401
001_26001950;adjLocal;;True;https://contractaciopublica.cat/ca/detall-publicacio/f2321074-8e26-4024-8aaf-22af7b4d03a5/300823515
X2026001899;adjLocal;;True;https://contractaciopublica.cat/ca/detall-publicacio/cd35897c-67a8-4bd0-a4e1-4376b7e72b65/300873111
2026F035000006;adjLocal;;True;https://contractaciopublica.cat/ca/detall-publicacio/4536776a-09a8-478b-a2a5-aabb4c94bb27/300873081
2026/13849H;adjLocal;;True;https://contractaciopublica.cat/ca/detall-publicacio/2a1f05fa-b50d-42ad-bd74-8335bf51158e/300871137
CONSUB-0212/2026;adjLocal;;True;https://contractaciopublica.cat/ca/detall-publicacio/2a060f65-4493-4132-9d25-f09314fcd382/300871745
1657-2876/2020;adjLocal;;True;https://contractaciopublica.cat/ca/detall-publicacio/9e2f5383-9761-40eb-9c98-8e5769de14a9/300871511
1657-003439-003506/2020;adjLocal;;True;https://contractaciopublica.cat/ca/detall-publicacio/07be2227-96ad-4fda-95ea-2263ad42cf39/300871485
1411-000049-010313/2022;adjLocal;;True;https://contractaciopublica.cat/ca/detall-publicacio/db4539b0-237f-590c-e8fc-7873bb344772/300871297
3029/2026;adjLocal;;True;https://contractaciopublica.cat/ca/detall-publicacio/f96d55ef-3807-4507-85d2-6a8876baefcd/300870792
2024 2691;adjLocal;1,2;True;https://contractaciopublica.cat/ca/detall-publicacio/ef4d2401-51da-47b1-aef0-acd42308780e/300870025
B3202026000064;adjLocal;;True;https://contractaciopublica.cat/ca/detall-publicacio/6fb0a967-75cd-4cb8-8936-7955ea0195ef/300869522
353/26 G626;adjLocal;;True;https://contractaciopublica.cat/ca/detall-publicacio/67f10846-51f3-4fba-8f07-912c1b5db72e/300869542
B3202026000065;adjLocal;;True;https://contractaciopublica.cat/ca/detall-publicacio/b02a7546-b245-4c2a-9af3-2fc61de92aed/300869460
X2026000638;adjLocal;;True;https://contractaciopublica.cat/ca/detall-publicacio/b8d025a5-e03b-40b7-98cb-c4bb88790490/300869105
33/2026;adjLocal;;True;https://contractaciopublica.cat/ca/detall-publicacio/c0b57bfe-d593-468e-a8db-be3d40f6901a/300867928
2026F038000006;adjLocal;;True;https://contractaciopublica.cat/ca/detall-publicacio/c85a61e4-9743-4787-adbb-b641ab20c3aa/300867458
160/2026;adjLocal;;True;https://contractaciopublica.cat/ca/detall-publicacio/4403677e-d3de-4355-90fc-e7be4505253f/300867408
15/2026/eCONT;adjLocal;;True;https://contractaciopublica.cat/ca/detall-publicacio/b8ec0e1d-ca8b-40f1-8c47-25bb9b834c1c/300866661
G4882026000388;adjLocal;;True;https://contractaciopublica.cat/ca/detall-publicacio/4c8791fa-1179-4e4b-8737-0d7922705809/300866398
G4882026000394;adjLocal;;True;https://contractaciopublica.cat/ca/detall-publicacio/73f0f1da-2ebe-4126-8e2f-92604839005e/300866210
001_26000232;adjLocal;;True;https://contractaciopublica.cat/ca/detall-publicacio/9ec36e16-4740-4615-a8fd-27b96559bfa2/300866068
G4882026000412;adjLocal;;True;https://contractaciopublica.cat/ca/detall-publicacio/659c8040-3a09-4e57-bfb4-08798a291a73/300866178
G4882026000427;adjLocal;;True;https://contractaciopublica.cat/ca/detall-publicacio/201005d7-e1a6-47c0-b518-0c7ee2a48a7a/300866093
CONT2200220;adjLocal;,1;True;https://contractaciopublica.cat/ca/detall-publicacio/6e774e8c-5635-4b1e-b4c0-3fc8a27b596d/300865722
2025/000855;adjLocal;;True;https://contractaciopublica.cat/ca/detall-publicacio/f609caab-2fac-4b12-b169-f231fbf2b051/300865070
CON.EXP2026000043;adjLocal;;True;https://contractaciopublica.cat/ca/detall-publicacio/9e53d9bf-cc3e-497f-86cf-2cb3aef2b5a2/300862888
2026F040000001;adjLocal;1,2,3,4;True;https://contractaciopublica.cat/ca/detall-publicacio/523b7e90-c3d9-429f-a3bf-58a7328f33c8/300864577
25129/2026;adjLocal;;True;https://contractaciopublica.cat/ca/detall-publicacio/25e91c2d-839b-4d70-97a4-1bec3c6bc6e8/300864155
26-074;adjLocal;;True;https://contractaciopublica.cat/ca/detall-publicacio/e4f7f4f1-0dda-468a-ab19-c938d555ac78/300864074
2026-CBSU0003;adjLocal;;True;https://contractaciopublica.cat/ca/detall-publicacio/9cca1116-5d1e-47a1-866d-22196af62ed8/300864016
2026/7247;adjLocal;;True;https://contractaciopublica.cat/ca/detall-publicacio/1e9831cf-5e6a-4336-987d-fcf726662940/300863686
430252002-2026-0000643;adjLocal;;True;https://contractaciopublica.cat/ca/detall-publicacio/20844f2a-40f2-4a40-b456-8f417f5a8dc1/300863718
AAMU-05977/2025;adjLocal;;True;https://contractaciopublica.cat/ca/detall-publicacio/f62f25a8-331b-44bb-a47f-d0e97d11fb93/300857116
G4882026000304;adjLocal;;True;https://contractaciopublica.cat/ca/detall-publicacio/a605573b-32b2-4886-a64d-b4563b55c453/300863242
