SDA;Expedient;Objecte;Categoria;Publicació avís;Termini publicat;Pressupost sense IVA;Font;Extracció
CTTI-2025-96;CTTI-2026-218;CTTI-2026-218 Anunci de licitació del contracte específic: Servei de construcció  i manteniment matrícula en línia corresponent a la categoria C2;Subcategoria C Franja C2;2026-09-07T13:00:49.243Z;2026-09-28T10:00:59.000Z;2075286.8;https://contractaciopublica.cat/ca/detall-publicacio/9274dec7-90cc-4fa0-b791-2c9fcafb3ca3/300874854?hash=3d32fdcf0f4050a3ea6d69336a8d4525;2026-09-08T17:47:45.890635+00:00
CTTI-2025-96;CTTI-2026-214;CTTI-2026-214 Anunci de licitació del contracte específic: Servei de millores del sistema d'informació basat en IBM Maximo de la Direcció General de Prevenció, Extinció d'Incendis i Salvaments (DGPEIS) cap a la plataforma IBM Maximo Application Suite - Corresponent a la Categoria B2- Franja 2;Subcategoria B2 Franja B2-2;2026-09-02T09:14:12.528Z;2026-09-16T10:00:59.000Z;321661.3;https://contractaciopublica.cat/ca/detall-publicacio/d7974c0a-6d1c-4513-b853-c6a7bba166d7/300872089?hash=5326b73129ddf29dd0d175923920459b;2026-09-08T17:47:45.890635+00:00
CTTI-2025-96;CTTI-2026-195;CTTI-2026-195 Anunci de licitació del contracte específic per al servei de construcció i desenvolupament de la nova plataforma de prestació de l’ajuda a morir (PRAM), de la Direcció General d’Ordenació i Regulació Sanitària, del Departament de Salut, corresponent a la categoria C, franja 1;Subcategoria C Franja C1;2026-09-01T07:02:26.265Z;2026-09-22T10:00:59.000Z;295450.21;https://contractaciopublica.cat/ca/detall-publicacio/5e636cef-cfcb-44a4-b878-f42e1aaf14bb/300848536?hash=c23b7fa0e72c30620c28a3de87b74b9d;2026-09-08T17:47:45.890635+00:00
CTTI-2025-96;CTTI-2026-202;CTTI-2026-202 Servei de migració de visors GIS de la Direcció General de Prevenció, Extinció d’Incendis i Salvament (DGPEIS).;Subcategoria B1 ;2026-08-31T11:34:18.546Z;2026-09-15T10:00:00.000Z;263873.28;https://contractaciopublica.cat/ca/detall-publicacio/d1db3280-2ee1-482d-9334-4b1697ba04bc/300870235?hash=da182b9088a89ca1d5df3125a136e0d1;2026-09-08T17:47:45.890635+00:00
CTTI-2025-96;CTTI-2026-211;CTTI-2026-211 Servei de consultoria per definir l’estratègia i el full de ruta d’un ecosistema digital del Consorci per a la Normalització lingüística;Categoria A Franja A1;2026-08-31T11:32:34.466Z;2026-09-15T10:00:00.000Z;95773.32;https://contractaciopublica.cat/ca/detall-publicacio/68c386d0-a835-4ba1-9fee-5f9f58c4a9c5/300874833?hash=a611a62235d82772a3386c874cee177b;2026-09-08T17:47:45.890635+00:00
CTTI-2025-96;CTTI-2026-200;CTTI-2026-200 Anunci de licitació del contracte específic: Servei de desenvolupament d’un sistema d’informació de gestió d’actuacions i relacions amb entitats pel Consell Català de l’Esport - Corresponent a la Categoria C, Franja C1;Subcategoria C Franja C1;2026-08-07T09:38:07.011Z;2026-09-15T10:00:59.000Z;122871.83;https://contractaciopublica.cat/ca/detall-publicacio/2f913645-1fb7-4cea-9a79-f208dd6018f2/300873158;2026-09-08T17:47:45.890635+00:00
CTTI-2025-96;CTTI-2026-192;CTTI-2026-192 Anunci de licitació del Servei de desenvolupament de la plataforma centralitzada de gestió d’inscripcions als centres de tecnificació esportiva - Corresponent a la Categoria C, Franja 1;Subcategoria C Franja C1;2026-07-28T12:04:08.901Z;2026-08-17T10:00:59.000Z;131674.3;https://contractaciopublica.cat/ca/detall-publicacio/6b787421-e424-459e-9e12-0601a793385f/300847587?hash=25c53299aabd8212f9dd3ecd4e69b8cd;2026-09-08T17:47:45.890635+00:00
CTTI-2025-96;CTTI-2026-183;CTTI-2026-183 Anunci de licitació del contracte específic: Servei de Suport a la Governança i gestió del canvi dels projectes de transformació TIC de l'Agència Tributària de Catalunya (ATC);Subcategoria E Franja E2;2026-07-09T17:48:05.358Z;2026-07-30T10:00:00.000Z;1286947.52;https://contractaciopublica.cat/ca/detall-publicacio/8ad3b48d-c46a-4340-9f53-cd4ef2ffdcf1/300828362?hash=d7f48473beccdf51c45b4462325cca9a;2026-09-08T17:47:45.890635+00:00
CTTI-2025-96;CTTI-2026-158;CTTI-2026-158 Anunci de licitació Servei de manteniment del CRM de l'IFE - B1;Subcategoria B1 ;2026-07-06T11:22:13.586Z;2026-07-22T10:00:00.000Z;133036.73;https://contractaciopublica.cat/ca/detall-publicacio/155fbe23-31c7-48c5-8ba8-b4a7fd57008b/300817614?hash=ade4c0f9879508830f19f3441a7cf9f3;2026-09-08T17:47:45.890635+00:00
CTTI-2025-96;CTTI-2026-169;CTTI-2026-169 Anunci de licitació del Servei de transformació digital del Registre Públic de Contractes (RPC) de la Generalitat de Catalunya - Corresponent a la Categoria C, Franja 1;Subcategoria C Franja C1;2026-07-06T08:56:10.177Z;2026-07-27T10:00:59.000Z;189493.63;https://contractaciopublica.cat/ca/detall-publicacio/536a020a-c565-4297-9005-aa5c8679106c/300823213?hash=f4d78929dc5f71ec2a33357488c9aa42;2026-09-08T17:47:45.890635+00:00
CTTI-2025-96;CTTI-2026-175;Exp. CTTI-2026-175 Servei de migració de les eines Informatica i Denodo en infraestructura on-premise, que utilitza el sistema d’informació del directori d’empreses, establiments i registres (DEER) - Corresponent a la Categoria B2, Franja 2. ;Subcategoria B2 Franja B2-2;2026-06-30T09:56:27.053Z;2026-07-21T10:00:00.000Z;321372.06;https://contractaciopublica.cat/ca/detall-publicacio/a1356c8e-187a-4116-b6f3-79736c8ab36d/300812816?hash=4f2ed48831fc16743db1bb67a2d10e77;2026-09-08T17:47:45.890635+00:00
CTTI-2025-96;CTTI-2026-155;CTTI-2026-155 - Anunci licitació del Servei de mineria de processos aplicada al GEEC, contracte específic corresponent a la categoria B, subcategoria B3, Franja B3-1;Subcategoria B3 Franja B3-1;2026-06-26T18:28:05.379Z;2026-07-13T10:00:59.000Z;45000.0;https://contractaciopublica.cat/ca/detall-publicacio/41ced08b-93a1-4cd9-b0c8-ab133eef3825/300815739?hash=1c7e358396c02d816477f895d3222276;2026-09-08T17:47:45.890635+00:00
CTTI-2025-96;CTTI-2026-167;CTTI-2026-167 Anunci de licitació del Servei de l’eina de canal empresa (CE-BIM) per al suport a la tramitació d’expedients que contenen projectes amb memòries tècniques a través de la incorporació de la metodologia BIM (Building Information Modeling) - Corresponent a la Categoria C, Franja 2.;Subcategoria C Franja C2;2026-06-26T07:40:05.366Z;2026-07-16T10:00:59.000Z;1450660.27;https://contractaciopublica.cat/ca/detall-publicacio/fd4b2f00-4f62-4a31-a820-71a8f1f666fb/300814771?hash=9f47e73d509d4f7cfb6f5b06b6a73ecc;2026-09-08T17:47:45.890635+00:00
CTTI-2025-96;CTTI-2026-170;CTTI-2026-170 Anunci de licitació del servei de de construcció, implantació i dels serveis de manteniment associats a l’explotació de les dades del sistema AUCAT a la PTD (AUCAT-PTD) - Corresponent a la Categoria B, Subcategoria B3, Franja 2.;Subcategoria B3 Franja B3-2;2026-06-25T10:32:55.771Z;2026-07-20T10:00:59.000Z;821065.34;https://contractaciopublica.cat/ca/detall-publicacio/1fc3d5f9-e421-426c-9be4-f9a55c5bbbfb/300807807?hash=c79f3fe3a68b1ff92dc940a9bd526ecf;2026-09-08T17:47:45.890635+00:00
CTTI-2025-96;CTTI-2026-159;CTTI-2026-159 Anunci de licitació del Servei de consultoria per definir l’estratègia de la plataforma integral urbanística de Catalunya (PIUC) - Corresponent a la Categoria A, Franja 2;Categoria A Franja A2;2026-06-23T09:38:05.827Z;2026-07-15T10:00:00.000Z;168637.92;https://contractaciopublica.cat/ca/detall-publicacio/bcb2fec5-897e-40c3-ac36-fd3784f4d81f/300807316?hash=bc9356590273954648522f0171510113;2026-09-08T17:47:45.890635+00:00
CTTI-2025-96;CTTI-2026-132;CTTI-2026-132 Anunci de licitació del contracte específics: Servei d'operació del Centre de Control del CTTI;Subcategoria E Franja E2;2026-06-22T11:22:07.671Z;2026-07-21T10:00:00.000Z;8075742.05;https://contractaciopublica.cat/ca/detall-publicacio/10b43502-3d95-4b4b-a686-a1b585c9c9c9/300811299?hash=eab4a0291184fc2cfeadc0cfa95cc380;2026-09-08T17:47:45.890635+00:00
CTTI-2025-96;CTTI-2026-161,CTTI-2025-96;CTTI-2026-161Servei de manteniment recurrent i petits evolutius per l’ecosistema actual d’aplicacions de les activitats del Consorci per a la Normalització Lingüística (CPNL), contracte específic de l’SDA per a l’adhesió de proveïdors per a la contractació des serveis de definició, gestió, construcció, manteniment i operació, i el suport a les solucions TIC (Exp. CTTI-2025-96).;Subcategoria C Franja C1;2026-06-18T08:28:05.379Z;2026-06-29T21:59:59.000Z;188996.61;https://contractaciopublica.cat/ca/detall-publicacio/8f5bc2ef-daa0-4b81-9348-27e775b83ee0/300807286?hash=c72ad6b0245e27181227d685f1a65641;2026-09-08T17:47:45.890635+00:00
CTTI-2025-96;CTTI-2026-154,CTTI-2025-96;Exp. CTTI-2026-154, Servei de construcció i manteniment del sistema de control d’acords de nivell de servei pel CTTI, contracte específic de l’SDA per a l’adhesió de proveïdors per a la contractació des serveis de definició, gestió, construcció, manteniment i operació, i el suport a les solucions TIC (Exp. CTTI-2025-96), Franja C2;Subcategoria C Franja C2;2026-06-11T06:12:06.115Z;2026-06-26T10:00:59.000Z;396450.87;https://contractaciopublica.cat/ca/detall-publicacio/8a9c2f7b-79d3-4eb5-8a09-9310d9385d3e/300801594?hash=fcb56183adac25bdba16a43844d960b2;2026-09-08T17:47:45.890635+00:00
CTTI-2025-96;CTTI-2026-140;CTTI-2026-140: Anunci de licitació de contracte específic: Servei de construcció i implantació de la nova aplicació SCAR - Corresponent a la Categoria C, Franja C2;Subcategoria C Franja C2;2026-06-01T09:18:05.385Z;2026-06-22T10:00:00.000Z;332379.17;https://contractaciopublica.cat/ca/detall-publicacio/67ce2d95-0eae-4b82-b11b-09672ad1f7b1/300779615?hash=a6a85cb3cb1a1ca7fb89c237d2145078;2026-09-08T17:47:45.890635+00:00
CTTI-2025-96;CTTI-2026-133;CTTI-2026-133 - Anunci de licitació del contracte específic: Servei de suport a la gestió operativa de les eines transversals d'observabilitat (Categoria E, Franja E2);Subcategoria E Franja E2;2026-05-18T11:18:05.380Z;2026-06-09T10:00:00.000Z;3404827.91;https://contractaciopublica.cat/ca/detall-publicacio/aeaa64dd-1466-4fbc-842c-34ae8f497c8d/300778396;2026-09-08T17:47:45.890635+00:00
CTTI-2025-96;CTTI-2026-131;"CTTI-2026-131 - Anunci de licitació del contracte específic: Servei d'Oficina per al suport al govern del procés de gestió TIC ""Preparar el servei"" (Categoria E, Franja E2)";Subcategoria E Franja E2;2026-05-18T11:02:27.887Z;2026-06-09T10:00:00.000Z;2365522.1;https://contractaciopublica.cat/ca/detall-publicacio/1acf5b60-6c70-481c-9b25-0d942cc8ca5e/300778384;2026-09-08T17:47:45.890635+00:00
CTTI-2025-96;CTTI-2026-122;CTTI-2026-122 - Anunci de licitació del contracte específic: Servei pel Pla de Transformació Digital de la Direcció General de Boscos i Gestió del Medi (Categoria C, Franja C2);Subcategoria C Franja C2;2026-05-14T13:26:05.374Z;2026-05-15T10:00:59.000Z;826413.81;https://contractaciopublica.cat/ca/detall-publicacio/52267465-fadc-46e3-91da-2c8b8b85b925/300761826?hash=b96467aec4f7ef04c93e241478ee0483;2026-09-08T17:47:45.890635+00:00
CTTI-2025-96;CTTI-2026-123;Anunci de licitació CTTI-2026-123 Servei de suport a la gestió operativa per a la millora dels processos TIC ;Subcategoria E Franja E2;2026-04-30T13:30:14.554Z;2026-05-29T21:59:59.000Z;3689017.2;https://contractaciopublica.cat/ca/detall-publicacio/34397883-fdb3-4611-82c3-483a92b2f161/300755764?hash=1f00a110c7ee617897a9d1e63a6b0aed;2026-09-08T17:47:45.890635+00:00
CTTI-2025-96;CTTI-2026-121;CTTI-2026-121 Anunci de licitació de contracte específic: Servei de gestió operativa de les eines de suport a l’usuari de l’Administració de la Generalitat de Catalunya;Subcategoria E Franja E2;2026-04-30T13:26:07.046Z;2026-05-29T21:59:59.000Z;4195703.96;https://contractaciopublica.cat/ca/detall-publicacio/7f72d516-4366-4de6-9e32-fdaa4512fab6/300755760?hash=e6dcb0a6aa41a634036c0fac89bd09f0;2026-09-08T17:47:45.890635+00:00
CTTI-2025-96;CTTI-2026-105;CTTI-2026-105 Anunci de licitació del contracte específics: Servei Construcció, Manteniment i Gestió de La Plataforma de Gestió dels Processos Econòmic Financers i de Contractació de l’Agència Catalana de l’Aigua;Subcategoria B2 Franja B2-2;2026-04-08T14:56:05.372Z;2026-05-08T10:00:00.000Z;1750912.74;https://contractaciopublica.cat/ca/detall-publicacio/735ddda1-e7c6-4ac5-bf99-2d8a3440bd9a/300741859?hash=21fd8855e8f7432f2284d9e50a594e1a;2026-09-08T17:47:45.890635+00:00
CTTI-2025-96;CTTI-2026-89;CTTI-2026-89, Servei per la transformació i planificació de la prevenció d’incendis forestals. Franja B1.;Subcategoria B1 ;2026-04-07T06:26:08.737Z;2026-04-17T10:00:59.000Z;99141.33;https://contractaciopublica.cat/ca/detall-publicacio/181cb0f0-acd4-422c-b4ae-d3c38e05a852/300715815?hash=d88007d83352ae7639d03ee42be51bd7;2026-09-08T17:47:45.890635+00:00
CTTI-2025-96;CTTI-2026-101;Anunci de licitació de contracte específic CTTI-2026-101: SERVEI DE SUPORT I DESPLEGAMENTS A L’OPERATIVA EN LA PRESTACIÓ DELS SERVEIS I LES SOLUCIONS TIC  (CATEGORIA E Franja 2);Subcategoria E Franja E2;2026-03-27T08:44:07.597Z;2026-04-10T10:00:59.000Z;824340.0;https://contractaciopublica.cat/ca/detall-publicacio/61e5b366-fc8a-45d7-8b13-1d1fbeccbf5a/300734401?hash=e824b1bb80de7f6a7840ccd07dc16c09;2026-09-08T17:47:45.890635+00:00
CTTI-2025-96;CTTI-2026-100;CTTI-2026-100 Anunci de licitació del Servei de manteniment d’aplicacions, gestió de la plataforma i prestació de serveis tecnològics per l’aplicació mòbil del Servei Meteorològic de Catalunya - Corresponent a la Categoria C, Franja C1;Subcategoria C Franja C1;2026-03-26T15:14:05.377Z;2026-04-13T10:00:00.000Z;97488.13;https://contractaciopublica.cat/ca/detall-publicacio/22d4694b-296d-4908-837c-1caca77b6df0/300732156?hash=a8e3c16898070900e613de780e06bc8f;2026-09-08T17:47:45.890635+00:00
CTTI-2025-96;CTTI-2026-77;CTTI-2026-77 Serveis de construcció, implantació, manteniment i gestió de la plataforma de l’accés a la universitat (AUCAT);Subcategoria C Franja C2;2026-02-23T10:32:21.589Z;2026-03-20T11:00:59.000Z;2418112.56;https://contractaciopublica.cat/ca/detall-publicacio/89ae1d7e-3794-452b-ae78-50b676ef3ea3/300696746?hash=845c3a5a98b82a7d31cb19bb4e128974;2026-09-08T17:47:45.890635+00:00
CTTI-2025-96;CTTI-2026-50,CTTI-2025-96;CTTI-2026-50 Servei de migració de l’ERP de gestió microsoft dynamics AX 2012 R3 a la darrera versió estable comercialitzada de dynamics 365 business central i integracions en powerapps per l'Agència Catalana de Turisme, contracte específic de l’SDA per a l’adhesió de proveïdors per a la contractació des serveis de definició, gestió, construcció, manteniment i operació, i el suport a les solucions TIC (Exp. CTTI-2025-96);Subcategoria B2 Franja B2-2;2026-02-03T08:12:10.625Z;2026-02-23T11:00:00.000Z;356879.05;https://contractaciopublica.cat/ca/detall-publicacio/fd03191d-2af7-42b5-bc44-057642224612/300683348?hash=2674abfe482b8d661eda47dc6ccf64af;2026-09-08T17:47:45.890635+00:00
CTTI-2025-96;CTTI-2026-51;CTTI-2026-51 Anunci de licitació del contracte específic: Nou sistema de gestió de proves de català;Subcategoria C Franja C2;2026-02-02T10:56:05.977Z;2026-02-24T11:00:00.000Z;1267633.25;https://contractaciopublica.cat/ca/detall-publicacio/3c20d07e-713b-4719-b2a5-59969fdd6211/300682120;2026-09-08T17:47:45.890635+00:00
CTTI-2025-96;CTTI-2026-46,CTTI-2025-96;CTTI-2026-46 Servei de construcció de la nova estació clínica de treball per a l’àmbit sociosanitari, contracte específic de l’SDA per a l’adhesió de proveïdors per a la contractació des serveis de definició, gestió, construcció, manteniment i operació, i el suport a les solucions TIC (Exp. CTTI-2025-96);Subcategoria B2 Franja B2-2;2026-02-02T06:40:05.659Z;2026-02-13T11:00:00.000Z;699959.35;https://contractaciopublica.cat/ca/detall-publicacio/3162c119-91ef-4b9a-9e24-926082207438/300680597?hash=7ac98ae5b33ac9afa7db931bb06b59f8;2026-09-08T17:47:45.890635+00:00
CTTI-2025-96;CTTI-2026-38;CTTI-2026-38 Anunci de licitació del contracte específics: Servei de Desenvolupament de  SCT - Nova aplicació mòbil del Servei Català de Trànsit;Subcategoria C Franja C2;2025-12-22T11:06:05.362Z;2026-01-12T11:00:00.000Z;323698.19;https://contractaciopublica.cat/ca/detall-publicacio/c1160b95-edc0-4082-9855-5a8d755d8774/300651396?hash=62bdb3692e43435b401607adeaa56880;2026-09-08T17:47:45.890635+00:00
CTTI-2025-96;CTTI-2026-34;CTTI-2026-34 Anunci de licitació del contracte específic: Evolució del sistema aïDA (DA Digital) i el procediment d'Integració de Solucions;Subcategoria C Franja C2;2025-12-05T10:42:10.068Z;2025-12-14T11:00:00.000Z;500047.94;https://contractaciopublica.cat/ca/detall-publicacio/b2e42b69-53cc-4be2-89b0-66eb1b450dec/300638948?hash=195e0c102e1ff6e262d8b026b069b0c0;2026-09-08T17:47:45.890635+00:00
CTTI-2025-96;CTTI-2026-27;CTTI-2026-27, Anunci de licitació del contracte específic: Servei de construcció i desenvolupament de la nova plataforma de gestió acadèmica de l’Escola d’Administració Pública de Catalunya;Subcategoria B2 Franja B2-2;2025-12-03T12:54:07.146Z;2025-12-18T11:00:59.000Z;452194.64;https://contractaciopublica.cat/ca/detall-publicacio/8e8ffe52-217f-4e21-a922-d47d5551c89b/300630629?hash=e1d52a530c1b2a688d23b38933b57e1b;2026-09-08T17:47:45.890635+00:00
CTTI-2025-96;CTTI-2025-256;CTTI-2025-256 Anunci de licitació del contracte específic: Servei de suport a l’operativa en la prestació dels serveis i les solucions TIC del CTTI;Subcategoria E Franja E2;2025-11-27T15:40:05.402Z;2025-12-09T11:00:59.000Z;5007594.53;https://contractaciopublica.cat/ca/detall-publicacio/da35fe6d-4d16-4814-a587-5d35c793592c/300630974?hash=7564d86cbf3019097dfb9c0b338e2864;2026-09-08T17:47:45.890635+00:00
CTTI-2025-96;CTTI-2026-21;CTTI-2026-21 Anunci de licitació del contracte específic: Oficina de suport a la governança d'arquitectura;Subcategoria E Franja E2;2025-11-25T12:22:07.294Z;2025-12-09T11:00:00.000Z;1424500.29;https://contractaciopublica.cat/ca/detall-publicacio/213198ae-551d-4f2a-940d-fbd87314c371/300628234?hash=fe5918f5488ca33cb94cf64f314c2068;2026-09-08T17:47:45.890635+00:00
CTTI-2025-96;CTTI-2026-24;CTTI-2026-24, Anunci de licitació del contracte específic: Servei per al Pla de Transformació Digital de la Direcció General de Política Marítima i Pesca Sostenible ;Subcategoria C Franja C2;2025-11-25T07:26:05.427Z;2025-12-17T11:00:59.000Z;1155365.64;https://contractaciopublica.cat/ca/detall-publicacio/b18118ab-a5b7-4063-9851-4cf9db08eb11/300624855?hash=c9024b3c630b041fbfbf9c9dc3d1bb28;2026-09-08T17:47:45.890635+00:00
CTTI-2025-96;CTTI-2026-18;CTTI-2026-18, Anunci de licitació del contracte específic: Servei d’adaptació BI OTMP al CCAE-2025;Subcategoria B3 Franja B3-2;2025-11-18T14:32:05.409Z;2025-11-28T11:00:59.000Z;372398.4;https://contractaciopublica.cat/ca/detall-publicacio/85100c3f-2752-45be-b651-cfd2422fa40e/300615761?hash=15062b01ddcdcc1f1ac4ff4715f10843;2026-09-08T17:47:45.890635+00:00
CTTI-2025-96;CTTI-2025-262;CTTI-2025-262 Anunci de licitació del contracte específic: Servei de definició de l'alienament de l'actual model de govern TIC vers el Framework SIAM corresponent a la Categoria A (Servei de Consultoria de Solucions TIC), Franja A2;"Categoria A Franja A1; Categoria A Franja A2; Subcategoria B1 ; Subcategoria B2 Franja B2-1; Subcategoria B2 Franja B2-2; Subcategoria B3 Franja B3-1; Subcategoria B3 Franja B3-2; Subcategoria B4 Franja B4-1; Subcategoria B4 Franja B4-2; Subcategoria C Franja C1; Subcategoria C Franja C2; Subcategoria D Franja D1;  Subcategoria D Franja D2; Subcategoria E Franja E1; Subcategoria E Franja E2";2025-11-07T11:46:05.388Z;2025-11-28T11:00:00.000Z;230782.46;https://contractaciopublica.cat/ca/detall-publicacio/a59beeca-7e4e-42c1-a527-825eeef6595f/300610914?hash=f441596c1b3be1c65cedaaec1afc5da9;2026-09-08T17:47:45.890635+00:00
CTTI-2025-96;CTTI-2026-17;CTTI-2026-17 Servei de construcció, manteniment i operació del Sistema d’informació LECTIO V3.0.;Subcategoria C Franja C2;2025-11-06T15:14:07.215Z;2025-11-17T11:00:59.000Z;2956870.3;https://contractaciopublica.cat/ca/detall-publicacio/d7c5ce9b-4475-434b-b24e-d2949abcc13f/300601032?hash=42b0f7ca8198f5bd2498d43058d92d88;2026-09-08T17:47:45.890635+00:00
CTTI-2025-96;CTTI-2025-260;CTTI-2025-260 Servei de construcció i posada en marxa del sistema de gestió processal de menors, Sala Penal del Tribunal Superior de Justícia i projectes urgents derivats de modificacions legislatives;Subcategoria C Franja C2;2025-11-06T13:22:05.408Z;2025-11-21T11:00:00.000Z;1983434.46;https://contractaciopublica.cat/ca/detall-publicacio/965d59b1-13be-41f2-88b8-42fbacb61139/300610676?hash=72b1b636613175fd029e7c0050b6193c;2026-09-08T17:47:45.890635+00:00
CTTI-2025-96;CTTI-2025-254; CTTI-2025-254 Anunci Licitació Contracte Específic: Servei de suport al model analític i govern de la dada del CTTI;Subcategoria E Franja E2;2025-10-24T10:28:09.204Z;2025-11-13T11:00:00.000Z;1374335.42;https://contractaciopublica.cat/ca/detall-publicacio/9bed75a7-2206-4dc1-9500-eb2a16bae3d2/300597613?hash=dc092d96772a6ef7c2fa5aae7e85e5a8;2026-09-08T17:47:45.890635+00:00
CTTI-2025-96;CTTI-2026-12;CTTI-2026-12 Renovació Gestor Taxes i Ingressos Salut (GTIS);Subcategoria C Franja C2;2025-10-24T10:24:05.780Z;2025-11-08T11:00:00.000Z;543537.01;https://contractaciopublica.cat/ca/detall-publicacio/3db90ec8-8b15-48c6-bb19-8e6285790c3d/300597371?hash=9aaa6b8a86838ec49b86bbcf32d2ccc8;2026-09-08T17:47:45.890635+00:00
CTTI-2025-96;CTTI-2025-255;CTTI-2025-255 Anunci de licitació del contracte específic: Suport a la gestió operativa dels Ans i la informació operativa dels serveis de la Divisió de Serveis Digitals i Solucions TIC;Subcategoria E Franja E2;2025-10-24T07:12:19.481Z;2025-11-06T11:00:00.000Z;1561213.64;https://contractaciopublica.cat/ca/detall-publicacio/b5a86355-fec8-4ad8-8e2a-6dc55813bb1b/300596877?hash=3cdc97417304ee0f2cccaaccd74bdaa9;2026-09-08T17:47:45.890635+00:00
CTTI-2025-96;CTTI-2025-251;CTTI-2025-251 Anunci de licitació del contracte específic: Centre de suport i transformació de metodologies TIC; Subcategoria D Franja D2;2025-10-16T11:38:09.171Z;2025-10-30T11:00:00.000Z;347364.87;https://contractaciopublica.cat/ca/detall-publicacio/f2b55980-8c58-4c0d-8814-64c17a038a16/300589051?hash=cd32e4e06da192ec886070801be599dd;2026-09-08T17:47:45.890635+00:00
CTTI-2025-96;CTTI-2025-250;CTTI-2025-250 Anunci de licitació del contracte específic: Centre de suport i transformació de la Qualitat del cicle de vida del software; Subcategoria D Franja D2;2025-10-16T11:36:12.339Z;2025-10-30T11:00:00.000Z;1024507.97;https://contractaciopublica.cat/ca/detall-publicacio/a0bf96c9-4f4f-4ddd-81ba-6675b3a83da8/300589053?hash=0b6ff648e9921f67598da3f750d7df55;2026-09-08T17:47:45.890635+00:00
CTTI-2025-96;CTTI-2025-253;CTTI-2025-253 Anunci de licitació del contracte específic: Servei de suport a la implementació, desplegament i manteniment del model d'arquitectura;Subcategoria E Franja E2;2025-10-16T10:02:14.157Z;2025-10-30T11:00:55.000Z;353521.15;https://contractaciopublica.cat/ca/detall-publicacio/9b451d07-919b-4fed-82d6-4665e4a6c2df/300588800?hash=c718ac10ae996234549378f95fdc4a26;2026-09-08T17:47:45.890635+00:00
CTTI-2025-96;CTTI-2025-242;CTTI-2025-242 Anunci de licitació del contracte específic: Servei de consultoria de solucions SAP S4 HANA al Sistema d’informació del GECAT”- Corresponent a la CATEGORIA A: SERVEI DE CONSULTORIA DE SOLUCIONS TIC, FRANJA A2;Categoria A Franja A2;2025-10-09T08:26:09.554Z;2025-10-28T11:00:00.000Z;413436.67;https://contractaciopublica.cat/ca/detall-publicacio/81d6b023-7266-4c58-80f3-0993dc6dc190/300582201?hash=74dae2bd953a0589961212ca00df4d83;2026-09-08T17:47:45.890635+00:00
